00101_00_00_09_face_0.jpg,0
00008_00_00_08_face_0.jpg,0
00115_02_00_00_face_0.jpg,2
00020_00_11_00_face_0.jpg,0
00027_00_05_00_face_0.jpg,0
00060_09_00_00_face_0.jpg,9
00151_01_08_00_face_0.jpg,1
00106_03_00_00_face_0.jpg,3
00043_00_04_05_face_0.jpg,0
00121_01_00_00_face_0.jpg,1
00080_17_00_00_face_0.jpg,17
00048_05_00_00_face_0.jpg,5
00123_15_00_00_face_0.jpg,15
00126_05_00_00_face_0.jpg,5
00095_12_00_00_face_0.jpg,12
00130_14_00_00_face_0.jpg,14
00146._04_00_00_face_0.jpg,4
00096_12_00_00_face_0.jpg,12
00052_05_00_00_face_0.jpg,5
00159_06_00_00_face_0.jpg,6
00002_00_00_30_face_0.jpg,0
00088_09_00_00_face_0.jpg,9
00074_07_00_00_face_0.jpg,7
00134_10_00_00_face_0.jpg,10
00068_17_00_00_face_0.jpg,17
00064_12_00_00_face_0.jpg,12
00025_00_01_00_face_0.jpg,0
00084_13_00_00_face_0.jpg,13
00143_04_06_21_face_0.jpg,4
00112_09_00_00_face_0.jpg,9
00046_04_00_00_face_0.jpg,4
00160_04_00_00_face_0.jpg,4
00009_03_02_00_face_0.jpg,3
00004_00_00_30_face_0.jpg,0
00028_00_08_00_face_0.jpg,0
00142_07_08_17_face_0.jpg,7
00078_19_00_00_face_0.jpg,19
00032_01_01_00_face_0.jpg,1
00055_11_00_00_face_0.jpg,11
00091_06_00_00_face_0.jpg,6
00075_08_00_00_face_0.jpg,8
00006_00_00_30_face_0.jpg,0
00156_02_00_00_face_0.jpg,2
00150_06_00_00_face_0.jpg,6
00111_13_00_00_face_0.jpg,13
00001_00_00_05_face_0.jpg,0
00149_06_00_00_face_0.jpg,6
00038_02_00_00_face_0.jpg,2
00129_15_00_00_face_0.jpg,15
00100_00_00_01_face_0.jpg,0
00127_04_00_00_face_0.jpg,4
00081_16_00_00_face_0.jpg,16
00015_01_04_00_face_0.jpg,1
00148_06_00_00_face_0.jpg,6
00144_03_00_00_face_0.jpg,3
00003_00_00_05_face_0.jpg,0
00016_01_04_00_face_0.jpg,1
00071_08_00_00_face_0.jpg,8
00089_08_00_00_face_0.jpg,8
00104_00_00_18_face_0.jpg,0
00085_12_00_00_face_0.jpg,12
00099_02_00_00_face_0.jpg,2
00040_00_00_52_face_0.jpg,0
00031_00_11_00_face_0.jpg,0
00065_13_00_00_face_0.jpg,13
00097_08_00_00_face_0.jpg,8
00113_08_00_00_face_0.jpg,8
00040_00_02_18_face_0.jpg,0
00036_05_00_00_face_0.jpg,5
00037_03_00_00_face_0.jpg,3
00108_03_00_00_face_0.jpg,3
00023_02_03_00_face_0.jpg,2
00133_11_00_00_face_0.jpg,11
00033_01_01_00_face_0.jpg,1
00141_03_00_00_face_0.jpg,3
00103_00_00_18_face_0.jpg,0
00138_05_01_00_face_0.jpg,5
00041_00_02_18_face_0.jpg,0
00079_18_00_00_face_0.jpg,18
00005_00_00_05_face_0.jpg,0
00152_02_00_00_face_0.jpg,2
00158_03_00_00_face_0.jpg,3
00010_02_02_00_face_0.jpg,2
00042_00_02_18_face_0.jpg,0
00012_01_00_00_face_0.jpg,1
00140_08_00_00_face_0.jpg,8
00021_01_01_00_face_0.jpg,1
00162_05_00_00_face_0.jpg,5
00102_00_00_09_face_0.jpg,0
00007_00_00_05_face_0.jpg,0
00090_07_00_00_face_0.jpg,7
00018_00_04_00_face_0.jpg,0
00125_14_00_00_face_0.jpg,14
00082_15_00_00_face_0.jpg,15
00029_03_06_00_face_0.jpg,3
00119_11_00_00_face_0.jpg,11
00072_01_00_00_face_0.jpg,1
00034_10_00_00_face_0.jpg,10
00114_14_00_00_face_0.jpg,14
00118_11_00_00_face_0.jpg,11
00153_03_08_00_face_0.jpg,3
00139_04_01_00_face_0.jpg,4
00051_07_00_00_face_0.jpg,7
00069_01_00_00_face_0.jpg,1
00086_11_00_00_face_0.jpg,11
00061_14_00_00_face_0.jpg,14
00164_06_00_00_face_1.jpg,6
00110_10_00_00_face_0.jpg,10
00053_10_01_00_face_0.jpg,10
00157_05_00_00_face_0.jpg,5
00057_07_00_00_face_0.jpg,7
00077_20_00_00_face_0.jpg,20
00093_04_00_00_face_0.jpg,4
00165_09_00_00_face_0.jpg,9
00011_01_02_00_face_0.jpg,1
00098_05_00_00_face_0.jpg,5
00135_09_00_00_face_0.jpg,9
00030_00_10_00_face_0.jpg,0
00154_01_07_00_face_0.jpg,1
00049_08_00_00_face_1.jpg,8
00062_10_00_00_face_0.jpg,10
00022_01_03_00_face_0.jpg,1
00132_12_00_00_face_0.jpg,12
00137_05_01_00_face_0.jpg,5
00045_00_03_15_face_0.jpg,0
00039_02_00_00jpg_face_0.jpg,2
00066_06_00_00_face_0.jpg,6
00017_00_02_00_face_0.jpg,0
00063_15_00_00_face_0.jpg,15
00163_08_00_00_face_0.jpg,8
00117_01_00_00_face_0.jpg,1
00128_22_00_00_face_0.jpg,22
00136_07_00_00_face_0.jpg,7
00107_14_00_00_face_0.jpg,14
00083_14_00_00_face_0.jpg,14
00124_06_00_00_face_0.jpg,6
00120_09_00_00_face_0.jpg,9
00116_01_00_00_face_0.jpg,1
00026_03_01_00_face_0.jpg,3
00087_10_00_00_face_0.jpg,10
00024_00_00_14_face_0.jpg,0
00035_05_00_00_face_0.jpg,5
00050_06_00_00_face_0.jpg,6
00110_11_00_00_face_0.jpg,11
00019_00_08_00_face_0.jpg,0
00044_03_00_00_face_0.jpg,3
00058_13_00_00_face_0.jpg,13
00122_09_00_00_face_0.jpg,9
00076_04_00_00_face_0.jpg,4
00059_08_00_00_face_0.jpg,8
00013_00_06_00_face_0.jpg,0
00070_04_00_00_face_0.jpg,4
00109_13_08_00_face_0.jpg,13
00131_13_00_00_face_0.jpg,13
00014_00_00_47_face_0.jpg,0
00092_05_00_00_face_0.jpg,5
00056_12_00_00_face_0.jpg,12
00094_01_00_00_face_0.jpg,1
00105_00_00_19_face_0.jpg,0
00145_30_00_00_face_0.jpg,30
00054_06_00_00_face_0.jpg,6
00147_05_00_00_face_1.jpg,5
00155_04_00_00_face_0.jpg,4
00073_04_00_00_face_0.jpg,4
00047_07_00_00_face_0.jpg,7
00161_07_00_00_face_0.jpg,7
